,Date,Location,Stake,# of Adult Volunteers,# of Youth Volunteers,Donation Bags Collected,Time to Complete (min),Completed More Than One Route,Ward/Branch,Routes Completed,Doors in Route,Time Spent
0,10/17/2023 10:36,Londonderry Chapel,Bonnie Doon Stake,1,3,14,25,0,Clareview Ward,1,14,25
1,10/17/2023 10:36,Gateway Stake Centre,Gateway Stake,3,1,18,25,1,Crawford Plains Ward,2,144,37.10514018691589
2,10/17/2023 10:40,Gateway Stake Centre,Gateway Stake,2,0,20,30,0,Silver Berry Ward,1,186,37.10514018691589
3,10/17/2023 10:41,Gateway Stake Centre,Gateway Stake,2,0,20,25,1,Crawford Plains Ward,1,0,30
4,10/17/2023 10:44,Londonderry Chapel,Bonnie Doon Stake,1,0,2,5,0,Londonderry Ward,1,1,37.10514018691589
5,10/17/2023 10:48,Bearspaw Chapel,Gateway Stake,2,0,20,20,0,Blackmud Creek Ward,1,179,37.10514018691589
6,10/17/2023 10:50,Gateway Stake Centre,Gateway Stake,1,4,17,25,0,Lee Ridge Ward,1,141,37.10514018691589
7,10/17/2023 10:51,Londonderry Chapel,Bonnie Doon Stake,2,0,32,45,0,Londonderry Ward,1,27,37.10514018691589
8,10/17/2023 10:51,Londonderry Chapel,Bonnie Doon Stake,2,0,100,5,1,Londonderry Ward,2,200,49
9,10/17/2023 10:52,Bearspaw Chapel,Bonnie Doon Stake,2,3,15,45,0,Southgate Ward,1,13,35
10,10/17/2023 10:53,Bonnie Doon Stake Centre,Bonnie Doon Stake,1,2,30,30,0,Connors Hill Ward,1,300,30
11,10/17/2023 10:55,Londonderry Chapel,Bonnie Doon Stake,1,0,17,60,0,Clareview Ward,1,110,40
12,10/17/2023 10:55,Londonderry Chapel,Bonnie Doon Stake,3,2,20,40,0,Londonderry Ward,1,107,40
13,10/17/2023 10:56,Coronation Park Chapel,Bonnie Doon Stake,2,1,25,55,0,Coronation Park Ward,1,20,55
14,10/17/2023 10:58,Londonderry Chapel,Bonnie Doon Stake,2,3,24,45,1,Clareview Ward,3,250,45
15,10/17/2023 10:59,Bonnie Doon Stake Centre,Bonnie Doon Stake,3,5,10,60,0,Connors Hill Ward,1,184,60
16,10/17/2023 11:01,Londonderry Chapel,Bonnie Doon Stake,2,2,12,30,0,Londonderry Ward,1,12,60
17,10/17/2023 11:01,Londonderry Chapel,Bonnie Doon Stake,2,0,30,45,1,Londonderry Ward,2,0,60
18,10/17/2023 11:03,Londonderry Chapel,Bonnie Doon Stake,2,0,16,25,0,Londonderry Ward,1,98,25
19,10/17/2023 11:03,Bonnie Doon Stake Centre,Bonnie Doon Stake,2,2,10,20,1,Forest Heights Ward,2,120,20
20,10/17/2023 11:03,Coronation Park Chapel,Bonnie Doon Stake,2,0,20,60,0,Coronation Park Ward,1,96,60
21,10/17/2023 11:03,Gateway Stake Centre,Gateway Stake,5,0,29,30,0,Silver Berry Ward,1,19,30
22,10/17/2023 11:04,Bonnie Doon Stake Centre,Bonnie Doon Stake,2,1,40,30,0,Forest Heights Ward,1,200,45
23,10/17/2023 11:04,Coronation Park Chapel,Bonnie Doon Stake,2,0,18,63,0,Coronation Park Ward,1,140,63
24,10/17/2023 11:05,Gateway Stake Centre,Gateway Stake,2,3,21,30,0,Silver Berry Ward,1,1,32
25,10/17/2023 11:06,Bearspaw Chapel,Gateway Stake,5,3,24,40,0,Lee Ridge Ward,1,157,40
26,10/17/2023 11:06,Bonnie Doon Stake Centre,Bonnie Doon Stake,2,3,40,180,1,Connors Hill Ward,2,375,60
27,10/17/2023 11:06,Gateway Stake Centre,Gateway Stake,3,0,35,30,0,Silver Berry Ward,1,250,740
28,10/17/2023 11:06,Gateway Stake Centre,Gateway Stake,2,0,15,25,0,Crawford Plains Ward,1,116,25
29,10/17/2023 11:07,Bonnie Doon Stake Centre,Bonnie Doon Stake,2,0,30,30,0,Forest Heights Ward,1,115,25
30,10/17/2023 11:07,Londonderry Chapel,Bonnie Doon Stake,1,1,36,45,0,Clareview Ward,1,15,25
31,10/17/2023 11:08,Londonderry Chapel,Bonnie Doon Stake,2,0,16,30,0,Coronation Park Ward,1,110,35
32,10/17/2023 11:09,Bonnie Doon Stake Centre,Bonnie Doon Stake,2,2,15,30,0,Forest Heights Ward,1,90,38
33,10/17/2023 11:09,North Stake Centre,Edmonton North Stake,2,1,21,45,0,Griesbach Ward,1,206,45
34,10/17/2023 11:09,Gateway Stake Centre,Gateway Stake,2,3,21,32,0,Silver Berry Ward,1,202,32
35,10/17/2023 11:09,North Stake Centre,Edmonton North Stake,1,1,23,45,0,Griesbach Ward,1,206,45
36,10/17/2023 11:09,Riverbend Stake Centre,Riverbend Stake,2,0,30,50,0,Greenfield Ward,1,172,50
37,10/17/2023 11:10,Londonderry Chapel,Bonnie Doon Stake,2,0,24,30,0,Clareview Ward,1,23,50
38,10/17/2023 11:11,Coronation Park Chapel,Bonnie Doon Stake,2,0,5,32,0,Coronation Park Ward,1,302,39
39,10/17/2023 11:11,North Stake Centre,Edmonton North Stake,2,3,29,60,0,Griesbach Ward,1,107,60
40,10/17/2023 11:11,Gateway Stake Centre,Gateway Stake,1,0,20,20,0,Crawford Plains Ward,1,100,20
41,10/17/2023 11:11,Londonderry Chapel,Bonnie Doon Stake,2,1,17,30,0,Londonderry Ward,1,182,60
42,10/17/2023 11:12,Londonderry Chapel,Bonnie Doon Stake,3,0,15,45,1,Londonderry Ward,2,200,51
43,10/17/2023 11:12,North Stake Centre,Edmonton North Stake,2,2,24,30,0,Griesbach Ward,1,20,30
44,10/17/2023 11:13,Gateway Stake Centre,Gateway Stake,2,0,26,45,0,Crawford Plains Ward,1,150,40
45,10/17/2023 11:14,Gateway Stake Centre,Gateway Stake,3,0,24,35,0,Silver Berry Ward,1,194,40
46,10/17/2023 11:14,Bonnie Doon Stake Centre,Bonnie Doon Stake,3,3,30,60,1,Forest Heights Ward,2,100,73
47,10/17/2023 11:14,Gateway Stake Centre,Gateway Stake,2,2,33,50,1,Ellerslie Ward,1,207,50
48,10/17/2023 11:14,Londonderry Chapel,Bonnie Doon Stake,2,2,11,35,0,Londonderry Ward,1,116,60
49,10/17/2023 11:15,Bearspaw Chapel,Gateway Stake,2,0,15,45,0,Blackmud Creek Ward,1,135,35
50,10/17/2023 11:16,Gateway Stake Centre,Gateway Stake,1,0,11,20,0,Silver Berry Ward,1,29,13
51,10/17/2023 11:17,Riverbend Stake Centre,Riverbend Stake,2,3,22,30,0,Rabbit Hill Ward,1,80,40
52,10/17/2023 11:17,North Stake Centre,Edmonton North Stake,2,0,23,100,0,Namao Ward,1,160,100
53,10/17/2023 11:17,Gateway Stake Centre,Gateway Stake,2,0,23,30,0,Wainwright Branch,1,137,30
54,10/17/2023 11:18,Gateway Stake Centre,Gateway Stake,1,4,16,20,1,Lee Ridge Ward,2,147,20
55,10/17/2023 11:19,Riverbend Stake Centre,Riverbend Stake,4,2,59,60,1,Rabbit Hill Ward,2,236,60
56,10/17/2023 11:20,Gateway Stake Centre,Gateway Stake,1,1,5,17,0,Crawford Plains Ward,1,135,17
57,10/17/2023 11:20,North Stake Centre,Edmonton North Stake,2,3,35,70,0,Griesbach Ward,1,370,65
58,10/17/2023 11:20,Riverbend Stake Centre,Riverbend Stake,3,16,25,45,0,Woodbend Ward,1,100,45
59,10/17/2023 11:21,Gateway Stake Centre,Gateway Stake,2,0,15,40,0,Crawford Plains Ward,1,115,40
60,10/17/2023 11:21,North Stake Centre,Edmonton North Stake,2,2,16,60,0,Griesbach Ward,1,200,50
61,10/17/2023 11:22,Gateway Stake Centre,Gateway Stake,2,0,20,30,0,Silver Berry Ward,1,198,30
62,10/17/2023 11:22,Bonnie Doon Stake Centre,Bonnie Doon Stake,2,0,25,40,0,Connors Hill Ward,1,235,60
63,10/17/2023 11:23,Londonderry Chapel,Bonnie Doon Stake,2,0,20,35,0,Londonderry Ward,1,100,40
64,10/17/2023 11:23,Gateway Stake Centre,Gateway Stake,2,1,22,50,0,Ellerslie Ward,1,191,50
65,10/17/2023 11:24,North Stake Centre,Edmonton North Stake,2,0,9,20,0,Griesbach Ward,1,100,20
66,10/17/2023 11:24,Gateway Stake Centre,Gateway Stake,2,0,31,58,0,Silver Berry Ward,1,27,27
67,10/17/2023 11:24,Gateway Stake Centre,Gateway Stake,4,0,26,50,0,Silver Berry Ward,1,168,50
68,10/17/2023 11:24,North Stake Centre,Edmonton North Stake,1,4,42,50,0,Namao Ward,1,392,60
69,10/17/2023 11:25,Bonnie Doon Stake Centre,Bonnie Doon Stake,2,3,18,120,0,Forest Heights Ward,1,100,56
70,10/17/2023 11:25,Gateway Stake Centre,Gateway Stake,2,3,21,50,1,Crawford Plains Ward,1,317,50
71,10/17/2023 11:25,Riverbend Stake Centre,Riverbend Stake,3,0,54,75,0,Greenfield Ward,1,212,80
72,10/17/2023 11:25,Gateway Stake Centre,Gateway Stake,1,2,11,30,1,Crawford Plains Ward,1,261,33
73,10/17/2023 11:25,Gateway Stake Centre,Gateway Stake,2,0,15,40,0,Crawford Plains Ward,1,115,40
74,10/17/2023 11:26,Coronation Park Chapel,Edmonton North Stake,1,2,31,45,1,Stony Plain Ward,1,453,69
75,10/17/2023 11:27,Gateway Stake Centre,Gateway Stake,2,0,27,40,0,Silver Berry Ward,1,23,40
76,10/17/2023 11:27,Gateway Stake Centre,Gateway Stake,2,0,12,25,0,Crawford Plains Ward,1,110,25
77,10/17/2023 11:27,Londonderry Chapel,Bonnie Doon Stake,2,0,34,60,1,Clareview Ward,2,32,25
78,10/17/2023 11:27,Bearspaw Chapel,Gateway Stake,2,3,37,30,1,Lee Ridge Ward,2,144,30
79,10/17/2023 11:27,Gateway Stake Centre,Gateway Stake,2,0,26,35,0,Ellerslie Ward,1,220,35
80,10/17/2023 11:27,Londonderry Chapel,Bonnie Doon Stake,2,0,9,45,0,Clareview Ward,1,0,40
81,10/17/2023 11:28,Gateway Stake Centre,Gateway Stake,2,0,11,15,0,Ellerslie Ward,1,165,15
82,10/17/2023 11:28,Bearspaw Chapel,Gateway Stake,1,7,6,60,1,Wild Rose Ward,2,315,60
83,10/17/2023 11:29,Londonderry Chapel,Bonnie Doon Stake,2,2,43,60,1,Londonderry Ward,2,300,55
84,10/17/2023 11:29,Londonderry Chapel,Bonnie Doon Stake,2,1,35,60,1,Londonderry Ward,2,250,57
85,10/17/2023 11:29,Bearspaw Chapel,Gateway Stake,2,0,8,60,0,Lee Ridge Ward,1,162,60
86,10/17/2023 11:29,Coronation Park Chapel,Bonnie Doon Stake,1,1,38,90,1,Coronation Park Ward,2,300,60
87,10/17/2023 11:30,Riverbend Stake Centre,Riverbend Stake,1,3,10,30,0,Woodbend Ward,1,10,30
88,10/17/2023 11:30,Gateway Stake Centre,Gateway Stake,2,3,20,50,0,Ellerslie Ward,1,219,50
89,10/17/2023 11:30,Riverbend Stake Centre,Riverbend Stake,3,0,60,90,0,Terwillegar Park Ward,1,250,90
90,10/17/2023 11:30,Londonderry Chapel,Bonnie Doon Stake,1,2,6,45,0,Clareview Ward,1,150,60
91,10/17/2023 11:31,Londonderry Chapel,Bonnie Doon Stake,2,0,45,75,0,Londonderry Ward,1,300,75
92,10/17/2023 11:31,Gateway Stake Centre,Gateway Stake,2,0,24,40,0,Silver Berry Ward,1,167,50
93,10/17/2023 11:31,Londonderry Chapel,Bonnie Doon Stake,2,3,35,60,0,Londonderry Ward,1,180,60
94,10/17/2023 11:32,Bearspaw Chapel,Bonnie Doon Stake,2,0,20,45,0,Southgate Ward,1,95,89
95,10/17/2023 11:32,Gateway Stake Centre,Gateway Stake,7,7,46,60,0,Rio Vista Ward,1,219,60
96,10/17/2023 11:32,Gateway Stake Centre,Gateway Stake,1,1,15,55,1,Crawford Plains Ward,2,236,55
97,10/17/2023 11:32,Riverbend Stake Centre,Riverbend Stake,2,0,20,45,0,Rutherford Ward,1,13,45
98,10/17/2023 11:33,Bearspaw Chapel,Gateway Stake,46,0,15,45,0,Lee Ridge Ward,1,15,45
99,10/17/2023 11:33,Londonderry Chapel,Bonnie Doon Stake,2,2,19,45,0,Londonderry Ward,1,198,35
100,10/17/2023 11:33,Coronation Park Chapel,Edmonton North Stake,1,0,30,47,1,Stony Plain Ward,2,155,35
101,10/17/2023 11:33,Gateway Stake Centre,Gateway Stake,2,0,35,70,0,Crawford Plains Ward,1,134,67
102,10/17/2023 11:34,Londonderry Chapel,Bonnie Doon Stake,2,0,4,10,0,Londonderry Ward,1,0,52
103,10/17/2023 11:34,North Stake Centre,Edmonton North Stake,2,4,23,50,0,Griesbach Ward,1,203,50
104,10/17/2023 11:34,Londonderry Chapel,Bonnie Doon Stake,2,0,12,50,0,Clareview Ward,1,180,63
105,10/17/2023 11:35,Londonderry Chapel,Bonnie Doon Stake,1,3,7,30,0,Londonderry Ward,1,7,30
106,10/17/2023 11:35,Riverbend Stake Centre,Riverbend Stake,2,0,40,60,0,Greenfield Ward,1,20,65
107,10/17/2023 11:35,Coronation Park Chapel,Bonnie Doon Stake,2,2,72,45,1,Coronation Park Ward,3,63,81
108,10/17/2023 11:35,North Stake Centre,Edmonton North Stake,1,2,22,60,0,Griesbach Ward,1,150,45
109,10/17/2023 11:35,Bonnie Doon Stake Centre,Bonnie Doon Stake,3,1,40,60,0,Connors Hill Ward,1,160,44
110,10/17/2023 11:36,Gateway Stake Centre,Gateway Stake,2,3,20,60,1,Crawford Plains Ward,2,194,60
111,10/17/2023 11:37,Bonnie Doon Stake Centre,Bonnie Doon Stake,1,0,33,45,1,Forest Heights Ward,2,130,45
112,10/17/2023 11:38,Riverbend Stake Centre,Riverbend Stake,1,2,18,40,0,Rutherford Ward,1,14,40
113,10/17/2023 11:38,Gateway Stake Centre,Gateway Stake,2,0,17,40,0,Silver Berry Ward,1,170,40
114,10/17/2023 11:38,Riverbend Stake Centre,Riverbend Stake,2,1,12,15,0,Rutherford Ward,1,12,40
115,10/17/2023 11:38,North Stake Centre,Edmonton North Stake,3,0,17,45,0,Griesbach Ward,1,13,60
116,10/17/2023 11:38,Gateway Stake Centre,Gateway Stake,2,0,16,15,1,Crawford Plains Ward,3,520,54
117,10/17/2023 11:39,North Stake Centre,Edmonton North Stake,2,0,12,100,0,Namao Ward,1,175,95
118,10/17/2023 11:39,Riverbend Stake Centre,Riverbend Stake,2,2,10,10,0,Rabbit Hill Ward,1,70,28
119,10/17/2023 11:39,Riverbend Stake Centre,Riverbend Stake,1,3,50,60,0,Terwillegar Park Ward,1,38,65
120,10/17/2023 11:41,Bonnie Doon Stake Centre,Bonnie Doon Stake,2,0,10,30,0,Connors Hill Ward,1,136,30
121,10/17/2023 11:41,Riverbend Stake Centre,Riverbend Stake,4,0,23,45,0,Greenfield Ward,1,192,60
122,10/17/2023 11:41,North Stake Centre,Edmonton North Stake,1,3,15,60,0,Griesbach Ward,1,14,60
123,10/17/2023 11:41,North Stake Centre,Edmonton North Stake,1,3,7,40,0,Griesbach Ward,1,90,40
124,10/17/2023 11:41,Gateway Stake Centre,Gateway Stake,1,0,16,30,0,Crawford Plains Ward,1,135,30
125,10/17/2023 11:42,Gateway Stake Centre,Gateway Stake,1,2,28,35,0,Ellerslie Ward,1,203,35
126,10/17/2023 11:42,Londonderry Chapel,Bonnie Doon Stake,1,2,12,20,0,Londonderry Ward,1,110,25
127,10/17/2023 11:42,Bonnie Doon Stake Centre,Bonnie Doon Stake,2,0,25,60,0,Connors Hill Ward,1,249,60
128,10/17/2023 11:42,Bearspaw Chapel,Gateway Stake,19,2,15,55,0,Lee Ridge Ward,1,158,70
129,10/17/2023 11:43,Bearspaw Chapel,Gateway Stake,7,0,17,40,0,Lee Ridge Ward,1,170,42
130,10/17/2023 11:43,Gateway Stake Centre,Gateway Stake,2,2,9,20,0,Crawford Plains Ward,1,138,20
131,10/17/2023 11:43,Riverbend Stake Centre,Riverbend Stake,4,1,15,15,0,Rabbit Hill Ward,1,80,15
132,10/17/2023 11:44,Bearspaw Chapel,Gateway Stake,3,3,55,47,0,Blackmud Creek Ward,1,165,47
133,10/17/2023 11:44,Gateway Stake Centre,Gateway Stake,3,2,30,40,1,Crawford Plains Ward,2,256,40
134,10/17/2023 11:44,Gateway Stake Centre,Gateway Stake,3,1,40,100,1,Silver Berry Ward,2,419,100
135,10/17/2023 11:45,North Stake Centre,Edmonton North Stake,2,2,15,60,0,Griesbach Ward,1,106,50
136,10/17/2023 11:45,Coronation Park Chapel,Bonnie Doon Stake,2,2,35,75,1,Coronation Park Ward,2,144,74
137,10/17/2023 11:45,Gateway Stake Centre,Gateway Stake,2,1,11,60,1,Silver Berry Ward,2,11,60
138,10/17/2023 11:45,Bonnie Doon Stake Centre,Bonnie Doon Stake,2,0,16,40,0,Forest Heights Ward,1,125,40
139,10/17/2023 11:45,Gateway Stake Centre,Gateway Stake,1,2,32,35,0,Lee Ridge Ward,1,173,35
140,10/17/2023 11:45,North Stake Centre,Edmonton North Stake,2,0,18,55,0,Griesbach Ward,1,90,55
141,10/17/2023 11:46,Bonnie Doon Stake Centre,Bonnie Doon Stake,2,4,32,45,0,Forest Heights Ward,1,200,73
142,10/17/2023 11:46,Coronation Park Chapel,Bonnie Doon Stake,3,0,18,45,0,Coronation Park Ward,1,143,45
143,10/17/2023 11:47,Riverbend Stake Centre,Riverbend Stake,2,0,44,70,1,Terwillegar Park Ward,1,285,75
144,10/17/2023 11:47,Gateway Stake Centre,Gateway Stake,2,3,30,60,1,Crawford Plains Ward,2,23,75
145,10/17/2023 11:47,Gateway Stake Centre,Gateway Stake,3,2,30,40,0,Ellerslie Ward,1,210,45
146,10/17/2023 11:47,Bearspaw Chapel,Gateway Stake,2,0,35,60,0,Blackmud Creek Ward,1,148,120
147,10/17/2023 11:47,Riverbend Stake Centre,Riverbend Stake,2,0,44,60,1,Rutherford Ward,2,446,60
148,10/17/2023 11:47,Londonderry Chapel,Bonnie Doon Stake,1,2,35,45,0,Londonderry Ward,1,200,75
149,10/17/2023 11:48,Coronation Park Chapel,Bonnie Doon Stake,3,1,117,45,1,Coronation Park Ward,3,403,90
150,10/17/2023 11:48,North Stake Centre,Edmonton North Stake,2,0,30,105,1,Griesbach Ward,3,356,105
151,10/17/2023 11:49,Londonderry Chapel,Bonnie Doon Stake,2,2,40,70,1,Clareview Ward,2,200,70
152,10/17/2023 11:49,Londonderry Chapel,Bonnie Doon Stake,2,0,3,3,0,Clareview Ward,1,0,70
153,10/17/2023 11:49,Gateway Stake Centre,Gateway Stake,2,0,30,55,0,Silver Berry Ward,1,0,55
154,10/17/2023 11:49,Bearspaw Chapel,Gateway Stake,4,3,26,30,0,Lee Ridge Ward,1,148,36
155,10/17/2023 11:50,Riverbend Stake Centre,Riverbend Stake,1,1,24,90,0,Terwillegar Park Ward,1,170,90
156,10/17/2023 11:50,Riverbend Stake Centre,Riverbend Stake,2,0,70,90,1,Terwillegar Park Ward,1,312,108
157,10/17/2023 11:50,Bonnie Doon Stake Centre,Bonnie Doon Stake,2,3,20,60,0,Forest Heights Ward,1,120,60
158,10/17/2023 11:50,Gateway Stake Centre,Gateway Stake,1,0,26,40,1,Ellerslie Ward,3,191,36
159,10/17/2023 11:50,Gateway Stake Centre,Gateway Stake,2,1,23,32,1,Crawford Plains Ward,1,195,32
160,10/17/2023 11:50,Londonderry Chapel,Bonnie Doon Stake,2,0,15,30,0,Clareview Ward,1,121,38
161,10/17/2023 11:50,Gateway Stake Centre,Gateway Stake,2,3,13,15,0,Crawford Plains Ward,1,115,30
162,10/17/2023 11:51,Gateway Stake Centre,Gateway Stake,1,2,20,50,1,Ellerslie Ward,2,260,50
163,10/17/2023 11:51,Bonnie Doon Stake Centre,Bonnie Doon Stake,1,1,18,45,0,Forest Heights Ward,1,125,36
164,10/17/2023 11:51,Gateway Stake Centre,Gateway Stake,2,1,36,40,0,Lee Ridge Ward,1,145,44
165,10/17/2023 11:52,Bearspaw Chapel,Bonnie Doon Stake,5,1,6,15,0,Southgate Ward,1,40,60
166,10/17/2023 11:52,Gateway Stake Centre,Gateway Stake,2,2,35,60,0,Ellerslie Ward,1,214,60
167,10/17/2023 11:52,Gateway Stake Centre,Gateway Stake,2,0,6,15,0,Crawford Plains Ward,1,168,15
168,10/17/2023 11:52,North Stake Centre,Edmonton North Stake,3,2,43,60,1,Griesbach Ward,2,40,60
169,10/17/2023 11:52,Riverbend Stake Centre,Riverbend Stake,3,1,19,40,0,Terwillegar Park Ward,1,150,50
170,10/17/2023 11:52,North Stake Centre,Edmonton North Stake,2,1,10,52,0,Griesbach Ward,1,120,52
171,10/17/2023 11:53,Riverbend Stake Centre,Riverbend Stake,2,1,48,44,1,Greenfield Ward,2,208,44
172,10/17/2023 11:53,Bonnie Doon Stake Centre,Bonnie Doon Stake,4,0,42,60,1,Forest Heights Ward,2,194,96
173,10/17/2023 11:53,Riverbend Stake Centre,Riverbend Stake,1,2,40,30,0,Woodbend Ward,1,220,30
174,10/17/2023 11:53,Londonderry Chapel,Bonnie Doon Stake,1,1,30,60,0,Londonderry Ward,1,100,15
175,10/17/2023 11:53,Londonderry Chapel,Bonnie Doon Stake,1,5,25,45,0,Londonderry Ward,1,25,15
176,10/17/2023 11:54,Coronation Park Chapel,Bonnie Doon Stake,2,1,55,110,1,Coronation Park Ward,1,0,98
177,10/17/2023 11:54,Bonnie Doon Stake Centre,Bonnie Doon Stake,1,1,40,150,1,Connors Hill Ward,2,180,95
178,10/17/2023 11:54,Riverbend Stake Centre,Riverbend Stake,2,0,50,270,1,Greenfield Ward,1,210,83
179,10/17/2023 11:55,Bearspaw Chapel,Gateway Stake,6,5,48,49,0,Blackmud Creek Ward,1,162,42
180,10/17/2023 11:55,Bonnie Doon Stake Centre,Bonnie Doon Stake,2,2,17,51,0,Forest Heights Ward,1,75,54
181,10/17/2023 11:55,Riverbend Stake Centre,Riverbend Stake,2,2,65,90,1,Rutherford Ward,2,650,70
182,10/17/2023 11:56,Bearspaw Chapel,Gateway Stake,2,2,15,60,0,Blackmud Creek Ward,1,100,75
183,10/17/2023 11:56,Gateway Stake Centre,Gateway Stake,2,3,31,50,0,Silver Berry Ward,1,180,50
184,10/17/2023 11:56,Londonderry Chapel,Bonnie Doon Stake,2,0,6,35,0,Clareview Ward,1,110,10
185,10/17/2023 11:56,Londonderry Chapel,Bonnie Doon Stake,1,0,30,75,1,Londonderry Ward,2,100,85
186,10/17/2023 11:57,Coronation Park Chapel,Bonnie Doon Stake,4,0,37,45,1,Coronation Park Ward,2,0,100
187,10/17/2023 11:57,Bearspaw Chapel,Bonnie Doon Stake,2,1,10,30,0,Strathcona Married Student Ward,1,90,45
188,10/17/2023 11:57,Londonderry Chapel,Bonnie Doon Stake,4,0,17,30,0,Londonderry Ward,1,17,38
189,10/17/2023 11:57,Gateway Stake Centre,Gateway Stake,2,2,34,28,0,Ellerslie Ward,1,203,28
190,10/17/2023 11:57,Riverbend Stake Centre,Riverbend Stake,1,1,15,15,0,Woodbend Ward,1,8,15
191,10/17/2023 11:58,Gateway Stake Centre,Gateway Stake,24,0,14,24,1,Crawford Plains Ward,2,146,24
192,10/17/2023 11:58,Riverbend Stake Centre,Riverbend Stake,3,0,52,80,1,Rabbit Hill Ward,2,313,67
193,10/17/2023 11:58,Gateway Stake Centre,Gateway Stake,2,3,50,90,1,Crawford Plains Ward,3,460,90
194,10/17/2023 11:58,Coronation Park Chapel,Bonnie Doon Stake,2,2,37,57,0,Coronation Park Ward,1,0,57
195,10/17/2023 11:58,North Stake Centre,Edmonton North Stake,2,0,23,30,0,Griesbach Ward,1,20,30
196,10/17/2023 11:58,Bonnie Doon Stake Centre,Bonnie Doon Stake,2,3,28,57,1,Forest Heights Ward,2,200,57
197,10/17/2023 11:59,North Stake Centre,Edmonton North Stake,2,2,19,30,0,Griesbach Ward,1,100,30
198,10/17/2023 11:59,Riverbend Stake Centre,Riverbend Stake,2,0,15,40,0,Woodbend Ward,1,80,88
199,10/17/2023 11:59,Riverbend Stake Centre,Riverbend Stake,2,3,27,60,0,Greenfield Ward,1,21,60
200,10/17/2023 11:59,Bearspaw Chapel,Bonnie Doon Stake,2,2,9,60,0,Southgate Ward,1,150,60
201,10/17/2023 12:00,Gateway Stake Centre,Gateway Stake,2,3,30,35,0,Lee Ridge Ward,1,30,35
202,10/17/2023 12:00,Riverbend Stake Centre,Riverbend Stake,1,5,70,60,0,Woodbend Ward,1,350,60
203,10/17/2023 12:00,Bearspaw Chapel,Gateway Stake,2,20,20,60,0,Blackmud Creek Ward,1,147,60
204,10/17/2023 12:00,Gateway Stake Centre,Gateway Stake,2,4,14,30,0,Ellerslie Ward,1,190,31
205,10/17/2023 12:00,Gateway Stake Centre,Gateway Stake,2,0,38,90,0,Silver Berry Ward,1,243,90
206,10/17/2023 12:01,Bearspaw Chapel,YSA Stake,1,2,50,60,1,Windsor Park YSA Ward,2,110,58
207,10/17/2023 12:01,Coronation Park Chapel,Bonnie Doon Stake,1,1,15,60,0,Coronation Park Ward,1,100,43
208,10/17/2023 12:01,Gateway Stake Centre,Gateway Stake,2,0,6,19,1,Crawford Plains Ward,2,136,18
209,10/17/2023 12:01,Riverbend Stake Centre,Riverbend Stake,2,1,35,30,0,Woodbend Ward,1,179,65
210,10/17/2023 12:01,Riverbend Stake Centre,Riverbend Stake,2,0,8,20,0,Greenfield Ward,1,150,30
211,10/17/2023 12:01,Gateway Stake Centre,Gateway Stake,2,4,25,34,0,Ellerslie Ward,1,198,34
212,10/17/2023 12:02,Londonderry Chapel,Bonnie Doon Stake,1,0,38,90,1,Clareview Ward,2,300,114
213,10/17/2023 12:02,Londonderry Chapel,Bonnie Doon Stake,2,0,28,45,0,Londonderry Ward,1,185,84
214,10/17/2023 12:02,North Stake Centre,Edmonton North Stake,2,1,21,45,1,Griesbach Ward,2,150,45
215,10/17/2023 12:02,Riverbend Stake Centre,Riverbend Stake,1,1,30,45,0,Rabbit Hill Ward,1,158,40
216,10/17/2023 12:02,Riverbend Stake Centre,Riverbend Stake,2,1,46,60,0,Greenfield Ward,1,220,60
217,10/17/2023 12:02,Gateway Stake Centre,Gateway Stake,2,1,25,45,0,Silver Berry Ward,1,230,45
218,10/17/2023 12:02,Gateway Stake Centre,Gateway Stake,2,1,40,60,1,Ellerslie Ward,1,228,53
219,10/17/2023 12:03,Bearspaw Chapel,Bonnie Doon Stake,1,2,31,60,0,Southgate Ward,1,143,55
220,10/17/2023 12:03,Bearspaw Chapel,Gateway Stake,2,4,24,40,0,Lee Ridge Ward,1,169,40
221,10/17/2023 12:03,Gateway Stake Centre,Gateway Stake,2,0,8,30,0,Crawford Plains Ward,1,144,30
222,10/17/2023 12:03,North Stake Centre,Edmonton North Stake,2,1,17,60,0,Griesbach Ward,1,50,75
223,10/17/2023 12:03,Gateway Stake Centre,Gateway Stake,2,4,40,37,0,Ellerslie Ward,1,207,60
224,10/17/2023 12:03,Riverbend Stake Centre,Riverbend Stake,2,0,44,80,0,Greenfield Ward,1,200,80
225,10/17/2023 12:04,Bonnie Doon Stake Centre,Bonnie Doon Stake,1,0,19,60,1,Connors Hill Ward,2,280,63
226,10/17/2023 12:04,Gateway Stake Centre,Gateway Stake,2,0,25,30,0,Crawford Plains Ward,1,150,10
227,10/17/2023 12:04,North Stake Centre,Edmonton North Stake,1,3,30,75,0,Griesbach Ward,1,100,75
228,10/17/2023 12:04,Bearspaw Chapel,Gateway Stake,4,0,24,40,0,Lee Ridge Ward,1,155,45
229,10/17/2023 12:05,Riverbend Stake Centre,Riverbend Stake,2,4,45,120,0,Greenfield Ward,1,45,109
230,10/17/2023 12:05,Riverbend Stake Centre,Riverbend Stake,2,1,80,70,1,Rabbit Hill Ward,2,400,100
231,10/17/2023 12:05,Gateway Stake Centre,Gateway Stake,2,0,24,60,0,Silver Berry Ward,1,220,60
232,10/17/2023 12:05,Gateway Stake Centre,Gateway Stake,1,2,32,60,1,Crawford Plains Ward,2,215,60
233,10/17/2023 12:07,North Stake Centre,Edmonton North Stake,1,0,5,30,0,Griesbach Ward,1,40,30
234,10/17/2023 12:07,Londonderry Chapel,Bonnie Doon Stake,2,4,22,20,0,Clareview Ward,1,0,33
235,10/17/2023 12:07,Riverbend Stake Centre,Riverbend Stake,3,0,14,30,0,Rutherford Ward,1,159,40
236,10/17/2023 12:07,Bonnie Doon Stake Centre,Bonnie Doon Stake,2,0,14,45,0,Strathcona Married Student Ward,1,110,35
237,10/17/2023 12:07,Riverbend Stake Centre,Riverbend Stake,3,1,34,60,0,Terwillegar Park Ward,1,150,96
238,10/17/2023 12:07,Riverbend Stake Centre,Riverbend Stake,2,0,12,35,0,Rutherford Ward,1,159,25
239,10/17/2023 12:07,North Stake Centre,Edmonton North Stake,1,4,22,60,0,Namao Ward,1,236,90
240,10/17/2023 12:08,Riverbend Stake Centre,Riverbend Stake,2,2,35,30,0,Rutherford Ward,1,207,30
241,10/17/2023 12:08,North Stake Centre,Edmonton North Stake,1,5,16,30,0,Griesbach Ward,1,120,30
242,10/17/2023 12:08,Londonderry Chapel,Bonnie Doon Stake,1,4,40,60,1,Clareview Ward,1,200,15
243,10/17/2023 12:09,Bearspaw Chapel,Bonnie Doon Stake,4,0,8,45,0,Southgate Ward,1,80,60
244,10/17/2023 12:09,Gateway Stake Centre,Gateway Stake,2,3,23,58,0,Lee Ridge Ward,1,23,58
245,10/17/2023 12:09,Bonnie Doon Stake Centre,Bonnie Doon Stake,1,3,11,30,1,Forest Heights Ward,2,170,30
246,10/17/2023 12:09,Gateway Stake Centre,Gateway Stake,3,1,28,30,0,Crawford Plains Ward,1,123,30
247,10/17/2023 12:09,Riverbend Stake Centre,Riverbend Stake,4,0,25,60,0,Terwillegar Park Ward,1,100,60
248,10/17/2023 12:10,North Stake Centre,Edmonton North Stake,3,0,16,30,0,Griesbach Ward,1,75,30
249,10/17/2023 12:10,Riverbend Stake Centre,Riverbend Stake,2,2,30,25,0,Greenfield Ward,1,196,30
250,10/17/2023 12:10,Gateway Stake Centre,Gateway Stake,1,3,32,52,1,Crawford Plains Ward,1,200,52
251,10/17/2023 12:10,Gateway Stake Centre,Gateway Stake,1,1,120,70,1,Crawford Plains Ward,3,900,77
252,10/17/2023 12:11,Gateway Stake Centre,Gateway Stake,2,3,40,90,1,Crawford Plains Ward,3,380,90
253,10/17/2023 12:11,Coronation Park Chapel,Bonnie Doon Stake,2,0,44,60,1,Coronation Park Ward,2,266,60
254,10/17/2023 12:12,Londonderry Chapel,Bonnie Doon Stake,2,0,16,60,0,Clareview Ward,1,100,65
255,10/17/2023 12:12,Bearspaw Chapel,Gateway Stake,2,1,20,50,0,Lee Ridge Ward,1,158,-675
256,10/17/2023 12:12,Gateway Stake Centre,Gateway Stake,1,1,25,35,0,Crawford Plains Ward,1,26,35
257,10/17/2023 12:12,Londonderry Chapel,Bonnie Doon Stake,2,2,39,60,0,Londonderry Ward,1,0,35
258,10/17/2023 12:12,Gateway Stake Centre,Gateway Stake,2,1,44,60,1,Lee Ridge Ward,1,168,71
259,10/17/2023 12:13,Gateway Stake Centre,Gateway Stake,2,3,24,60,0,Crawford Plains Ward,1,128,60
260,10/17/2023 12:13,Bearspaw Chapel,Bonnie Doon Stake,2,1,25,45,1,Southgate Ward,2,256,50
261,10/17/2023 12:13,Bearspaw Chapel,Gateway Stake,2,0,44,75,0,Lee Ridge Ward,1,125,85
262,10/17/2023 12:14,Bearspaw Chapel,Gateway Stake,2,3,22,35,1,Lee Ridge Ward,2,207,32
263,10/17/2023 12:14,Gateway Stake Centre,Gateway Stake,2,0,20,55,0,Lee Ridge Ward,1,25,55
264,10/17/2023 12:15,Gateway Stake Centre,Gateway Stake,2,2,67,100,1,Ellerslie Ward,3,501,100
265,10/17/2023 12:15,Bearspaw Chapel,Bonnie Doon Stake,2,5,15,25,0,Southgate Ward,1,115,84
266,10/17/2023 12:15,Gateway Stake Centre,Gateway Stake,2,0,36,60,1,Crawford Plains Ward,2,140,73
267,10/17/2023 12:15,Gateway Stake Centre,Gateway Stake,2,1,16,30,0,Crawford Plains Ward,1,114,21
268,10/17/2023 12:16,Gateway Stake Centre,Gateway Stake,3,1,18,23,0,Ellerslie Ward,1,180,23
269,10/17/2023 12:16,Gateway Stake Centre,Gateway Stake,2,0,27,40,1,Crawford Plains Ward,2,267,40
270,10/17/2023 12:16,Bearspaw Chapel,Gateway Stake,3,3,37,60,0,Blackmud Creek Ward,1,206,50
271,10/17/2023 12:16,Bearspaw Chapel,Bonnie Doon Stake,2,0,12,60,0,Southgate Ward,1,0,60
272,10/17/2023 12:17,Londonderry Chapel,Bonnie Doon Stake,3,0,150,120,1,Clareview Ward,4,450,65
273,10/17/2023 12:17,Gateway Stake Centre,Gateway Stake,3,1,28,27,0,Ellerslie Ward,1,184,27
274,10/17/2023 12:17,Londonderry Chapel,Bonnie Doon Stake,1,2,25,45,0,Clareview Ward,1,135,57
275,10/17/2023 12:17,North Stake Centre,Edmonton North Stake,1,0,7,45,0,Griesbach Ward,1,40,45
276,10/17/2023 12:17,Gateway Stake Centre,Gateway Stake,2,0,28,90,1,Silver Berry Ward,2,460,90
277,10/17/2023 12:18,Gateway Stake Centre,Gateway Stake,2,0,17,60,0,Silver Berry Ward,1,153,55
278,10/17/2023 12:19,Londonderry Chapel,Bonnie Doon Stake,1,2,20,60,0,Clareview Ward,1,110,107
279,10/17/2023 12:19,Gateway Stake Centre,Gateway Stake,2,4,59,105,1,Silver Berry Ward,2,492,105
280,10/17/2023 12:19,Gateway Stake Centre,Gateway Stake,2,0,17,60,0,Silver Berry Ward,1,235,78
281,10/17/2023 12:20,Riverbend Stake Centre,Riverbend Stake,2,1,100,90,1,Rabbit Hill Ward,3,482,137
282,10/17/2023 12:20,Gateway Stake Centre,Gateway Stake,2,3,65,65,1,Ellerslie Ward,3,65,65
283,10/17/2023 12:20,Gateway Stake Centre,Gateway Stake,26,3,25,35,0,Ellerslie Ward,1,19,33
284,10/17/2023 12:20,Londonderry Chapel,Bonnie Doon Stake,2,0,15,20,0,Londonderry Ward,1,50,20
285,10/17/2023 12:21,Riverbend Stake Centre,Riverbend Stake,2,0,19,65,0,Rutherford Ward,1,174,65
286,10/17/2023 12:21,Londonderry Chapel,Bonnie Doon Stake,1,2,20,20,0,Clareview Ward,1,0,79
287,10/17/2023 12:21,Gateway Stake Centre,Gateway Stake,2,2,36,35,0,Silver Berry Ward,1,216,35
288,10/17/2023 12:21,North Stake Centre,Edmonton North Stake,1,1,14,60,0,Griesbach Ward,1,135,70
289,10/17/2023 12:21,Gateway Stake Centre,Gateway Stake,2,2,60,80,1,Silver Berry Ward,2,366,-620
290,10/17/2023 12:22,Londonderry Chapel,Bonnie Doon Stake,3,1,30,60,0,Clareview Ward,1,0,-620
291,10/17/2023 12:22,Londonderry Chapel,Bonnie Doon Stake,2,0,35,75,1,Londonderry Ward,3,75,55
292,10/17/2023 12:22,Gateway Stake Centre,Gateway Stake,1,2,24,30,0,Silver Berry Ward,1,244,28
293,10/17/2023 12:24,Londonderry Chapel,Bonnie Doon Stake,2,2,60,60,1,Clareview Ward,3,165,95
294,10/17/2023 12:25,North Stake Centre,Edmonton North Stake,1,3,30,35,0,Namao Ward,1,272,35
295,10/17/2023 12:25,Riverbend Stake Centre,Riverbend Stake,2,8,200,240,1,Rabbit Hill Ward,3,1420,120
296,10/17/2023 12:25,Bearspaw Chapel,Gateway Stake,2,2,20,45,1,Beaumont Ward,2,200,110
297,10/17/2023 12:25,Gateway Stake Centre,Gateway Stake,2,3,25,40,0,Crawford Plains Ward,1,60,38
298,10/17/2023 12:25,Bearspaw Chapel,Gateway Stake,1,4,30,45,0,Lee Ridge Ward,1,160,45
299,10/17/2023 12:26,Bearspaw Chapel,Gateway Stake,2,4,18,45,0,Blackmud Creek Ward,1,154,45
300,10/17/2023 12:26,North Stake Centre,Edmonton North Stake,2,4,80,110,1,Griesbach Ward,3,500,105
301,10/17/2023 12:27,Bearspaw Chapel,Gateway Stake,1,1,20,60,0,Lee Ridge Ward,1,161,55
302,10/17/2023 12:28,Gateway Stake Centre,Gateway Stake,3,5,66,115,1,Silver Berry Ward,3,654,127
303,10/17/2023 12:28,Riverbend Stake Centre,Riverbend Stake,2,0,20,60,0,Woodbend Ward,1,137,60
304,10/17/2023 12:28,Bearspaw Chapel,Bonnie Doon Stake,2,4,45,90,1,Southgate Ward,2,0,65
305,10/17/2023 12:28,Londonderry Chapel,Bonnie Doon Stake,1,1,12,60,1,Londonderry Ward,1,0,45
306,10/17/2023 12:28,Londonderry Chapel,Bonnie Doon Stake,1,0,55,180,0,Clareview Ward,1,225,50
307,10/17/2023 12:28,Gateway Stake Centre,Gateway Stake,1,2,17,40,1,Crawford Plains Ward,1,113,50
308,10/17/2023 12:29,Bearspaw Chapel,Gateway Stake,2,3,50,45,0,Blackmud Creek Ward,1,240,45
309,10/17/2023 12:30,Bearspaw Chapel,Gateway Stake,1,1,23,30,0,Lee Ridge Ward,1,0,30
310,10/17/2023 12:30,Gateway Stake Centre,Gateway Stake,2,3,30,62,0,Ellerslie Ward,1,200,63
311,10/17/2023 12:30,Londonderry Chapel,Bonnie Doon Stake,2,0,5,15,0,Londonderry Ward,1,218,6
312,10/17/2023 12:31,Bearspaw Chapel,Gateway Stake,2,1,21,35,0,Lee Ridge Ward,1,139,32
313,10/17/2023 12:31,Gateway Stake Centre,Gateway Stake,2,4,50,45,0,Ellerslie Ward,1,236,60
314,10/17/2023 12:32,Riverbend Stake Centre,Riverbend Stake,1,1,43,60,0,Rabbit Hill Ward,1,208,65
315,10/17/2023 12:32,Gateway Stake Centre,Gateway Stake,2,3,25,40,0,Silver Berry Ward,1,118,48
316,10/17/2023 12:32,Gateway Stake Centre,Gateway Stake,1,0,29,69,0,Silver Berry Ward,1,266,60
317,10/17/2023 12:32,Gateway Stake Centre,Gateway Stake,2,0,40,65,0,Ellerslie Ward,1,239,65
318,10/17/2023 12:33,Gateway Stake Centre,Gateway Stake,2,2,85,90,1,Silver Berry Ward,3,585,90
319,10/17/2023 12:35,Bearspaw Chapel,Gateway Stake,2,1,30,40,1,Lee Ridge Ward,2,165,90
320,10/17/2023 12:35,Gateway Stake Centre,Gateway Stake,1,1,18,26,0,Ellerslie Ward,1,201,25
321,10/17/2023 12:35,Bearspaw Chapel,Bonnie Doon Stake,1,0,13,60,0,Strathcona Married Student Ward,1,0,61
322,10/17/2023 12:36,Gateway Stake Centre,Gateway Stake,2,2,20,45,0,Lee Ridge Ward,1,151,123
323,10/17/2023 12:36,North Stake Centre,Edmonton North Stake,2,0,93,120,1,Griesbach Ward,3,552,-600
324,10/17/2023 12:36,Gateway Stake Centre,Gateway Stake,2,3,22,40,0,Silver Berry Ward,1,118,-680
325,10/17/2023 12:36,Riverbend Stake Centre,Riverbend Stake,4,0,80,120,1,Drayton Valley Ward,3,400,90
326,10/17/2023 12:36,Gateway Stake Centre,Gateway Stake,2,2,29,45,0,Silver Berry Ward,1,342,45
327,10/17/2023 12:37,Bearspaw Chapel,Gateway Stake,2,1,35,40,1,Lee Ridge Ward,2,172,60
328,10/17/2023 12:37,Bearspaw Chapel,Gateway Stake,1,0,23,60,0,Lee Ridge Ward,1,163,90
329,10/17/2023 12:37,Gateway Stake Centre,Gateway Stake,2,2,17,37,0,Silver Berry Ward,1,186,37
330,10/17/2023 12:38,Bearspaw Chapel,Bonnie Doon Stake,2,0,22,30,0,Southgate Ward,1,145,45
331,10/17/2023 12:38,Riverbend Stake Centre,Riverbend Stake,2,0,8,15,0,Rutherford Ward,1,68,38
332,10/17/2023 12:38,Bearspaw Chapel,Bonnie Doon Stake,2,0,11,38,0,Strathcona Married Student Ward,1,158,43
333,10/17/2023 12:39,Gateway Stake Centre,Gateway Stake,6,0,20,30,0,Silver Berry Ward,1,300,30
334,10/17/2023 12:39,Bearspaw Chapel,Bonnie Doon Stake,2,3,60,90,1,Southgate Ward,2,257,-630
335,10/17/2023 12:39,Riverbend Stake Centre,Riverbend Stake,2,1,80,60,1,Terwillegar Park Ward,2,300,-640
336,10/17/2023 12:39,Londonderry Chapel,Bonnie Doon Stake,2,1,42,110,1,Clareview Ward,2,191,-608
337,10/17/2023 12:41,Bearspaw Chapel,Gateway Stake,2,3,32,30,0,Lee Ridge Ward,1,157,-675
338,10/17/2023 12:41,Riverbend Stake Centre,Riverbend Stake,2,2,54,90,0,Woodbend Ward,1,350,100
339,10/17/2023 12:41,Riverbend Stake Centre,Riverbend Stake,3,1,100,135,1,Rabbit Hill Ward,1,80,-45
340,10/17/2023 12:42,Londonderry Chapel,Bonnie Doon Stake,4,0,200,240,1,Clareview Ward,3,607,-45
341,10/17/2023 12:42,Londonderry Chapel,Bonnie Doon Stake,3,1,25,60,0,Clareview Ward,1,25,52
342,10/17/2023 12:42,Gateway Stake Centre,Gateway Stake,2,1,45,60,1,Rio Vista Ward,2,36,54
343,10/17/2023 12:42,Riverbend Stake Centre,Riverbend Stake,3,1,110,120,1,Rabbit Hill Ward,3,430,100
344,10/17/2023 12:43,Bearspaw Chapel,Bonnie Doon Stake,2,0,58,75,1,Southgate Ward,3,0,70
345,10/17/2023 12:43,Riverbend Stake Centre,Riverbend Stake,2,3,39,120,0,Greenfield Ward,1,110,109
346,10/17/2023 12:44,Gateway Stake Centre,Gateway Stake,2,2,35,80,1,Lee Ridge Ward,2,330,-640
347,10/17/2023 12:44,Riverbend Stake Centre,Riverbend Stake,2,3,88,40,0,Woodbend Ward,1,380,15
348,10/17/2023 12:44,Riverbend Stake Centre,Riverbend Stake,1,3,12,30,0,Rutherford Ward,1,142,-690
349,10/17/2023 12:45,Gateway Stake Centre,Gateway Stake,3,4,33,30,1,Silver Berry Ward,3,206,-690
350,10/17/2023 12:45,Bearspaw Chapel,Gateway Stake,3,0,30,45,0,Blackmud Creek Ward,1,171,45
351,10/17/2023 12:46,North Stake Centre,Edmonton North Stake,3,0,60,120,1,Griesbach Ward,2,380,140
352,10/17/2023 12:46,Bearspaw Chapel,Gateway Stake,4,5,14,30,0,Blackmud Creek Ward,1,0,30
353,10/17/2023 12:47,Gateway Stake Centre,Gateway Stake,2,0,23,25,0,Lee Ridge Ward,1,160,25
354,10/17/2023 12:47,Gateway Stake Centre,Gateway Stake,1,1,45,90,1,Ellerslie Ward,1,180,90
355,10/17/2023 12:47,Riverbend Stake Centre,Riverbend Stake,2,4,80,105,1,Rabbit Hill Ward,4,74,-615
356,10/17/2023 12:48,Bearspaw Chapel,Bonnie Doon Stake,2,3,20,45,0,Southgate Ward,1,147,45
357,10/17/2023 12:48,Riverbend Stake Centre,Riverbend Stake,2,0,100,90,1,Greenfield Ward,2,500,-625
358,10/17/2023 12:48,Bearspaw Chapel,Gateway Stake,3,0,8,30,0,Blackmud Creek Ward,1,60,30
359,10/17/2023 12:49,Riverbend Stake Centre,Riverbend Stake,5,0,28,60,1,Rutherford Ward,2,260,92
360,10/17/2023 12:49,Bearspaw Chapel,Gateway Stake,3,4,14,60,1,Lee Ridge Ward,2,147,85
361,10/17/2023 12:49,Riverbend Stake Centre,Riverbend Stake,2,2,65,80,1,Woodbend Ward,2,200,80
362,10/17/2023 12:50,Bearspaw Chapel,Gateway Stake,3,4,25,35,1,Lee Ridge Ward,2,166,86
363,10/17/2023 12:50,Riverbend Stake Centre,Riverbend Stake,2,2,67,60,1,Rutherford Ward,2,377,60
364,10/17/2023 12:51,Riverbend Stake Centre,Riverbend Stake,3,0,34,90,1,Rutherford Ward,2,246,90
365,10/17/2023 12:51,Bearspaw Chapel,Gateway Stake,4,9,32,75,0,Blackmud Creek Ward,1,178,75
366,10/17/2023 12:51,Gateway Stake Centre,Gateway Stake,1,1,25,25,0,Ellerslie Ward,1,226,25
367,10/17/2023 12:52,Riverbend Stake Centre,Riverbend Stake,1,1,125,150,1,Terwillegar Park Ward,3,650,170
368,10/17/2023 12:53,North Stake Centre,Edmonton North Stake,2,2,145,150,1,Namao Ward,3,2500,150
369,10/17/2023 12:53,Riverbend Stake Centre,Riverbend Stake,2,2,40,75,0,Rutherford Ward,1,215,65
370,10/17/2023 12:55,Riverbend Stake Centre,Riverbend Stake,3,3,40,60,1,Terwillegar Park Ward,2,280,60
371,10/17/2023 12:55,Riverbend Stake Centre,Riverbend Stake,2,0,20,70,0,Woodbend Ward,1,160,75
372,10/17/2023 12:56,Riverbend Stake Centre,Riverbend Stake,4,0,65,60,0,Rabbit Hill Ward,1,300,115
373,10/17/2023 12:56,Gateway Stake Centre,Gateway Stake,2,2,52,125,1,Crawford Plains Ward,3,324,105
374,10/17/2023 12:56,Bearspaw Chapel,Gateway Stake,0,2,20,120,1,Lee Ridge Ward,2,163,65
375,10/17/2023 12:56,Bearspaw Chapel,Gateway Stake,0,2,20,60,1,Lee Ridge Ward,1,168,65
376,10/17/2023 12:57,Gateway Stake Centre,Gateway Stake,2,2,37,140,1,Crawford Plains Ward,1,321,140
377,10/17/2023 12:59,Riverbend Stake Centre,Riverbend Stake,4,0,56,120,1,Rabbit Hill Ward,2,200,103
378,10/17/2023 12:59,Riverbend Stake Centre,Riverbend Stake,2,0,35,90,1,Rutherford Ward,2,240,75
379,10/17/2023 13:00,North Stake Centre,Edmonton North Stake,1,3,22,40,0,Namao Ward,1,172,760
380,10/17/2023 13:01,Gateway Stake Centre,Gateway Stake,2,5,39,45,1,Ellerslie Ward,1,466,45
381,10/17/2023 13:01,Bearspaw Chapel,Gateway Stake,1,0,18,120,1,Lee Ridge Ward,2,40,120
382,10/17/2023 13:02,Bearspaw Chapel,Gateway Stake,3,0,22,90,1,Lee Ridge Ward,2,158,180
383,10/17/2023 13:03,Bearspaw Chapel,Gateway Stake,1,4,41,25,0,Blackmud Creek Ward,1,260,70
384,10/17/2023 13:05,Riverbend Stake Centre,Riverbend Stake,1,0,25,80,1,Rabbit Hill Ward,2,273,105
385,10/17/2023 13:05,Londonderry Chapel,Bonnie Doon Stake,2,0,1,30,0,Clareview Ward,1,100,754
386,10/17/2023 13:06,Gateway Stake Centre,Gateway Stake,1,2,10,30,0,Ellerslie Ward,1,205,750
387,10/17/2023 13:06,Bearspaw Chapel,Gateway Stake,2,3,42,30,0,Blackmud Creek Ward,1,95,53
388,10/17/2023 13:08,Gateway Stake Centre,Gateway Stake,2,5,25,45,0,Ellerslie Ward,1,200,45
389,10/17/2023 13:12,North Stake Centre,Edmonton North Stake,2,0,70,150,1,Griesbach Ward,3,400,120
390,10/17/2023 13:16,North Stake Centre,Edmonton North Stake,2,0,69,150,1,Griesbach Ward,3,400,145
391,10/17/2023 13:16,Bearspaw Chapel,Gateway Stake,3,4,19,20,1,Blackmud Creek Ward,2,109,20
392,10/17/2023 13:18,Bearspaw Chapel,Gateway Stake,1,4,12,20,1,Blackmud Creek Ward,2,178,20
393,10/17/2023 13:20,North Stake Centre,Edmonton North Stake,2,0,45,170,0,Namao Ward,1,316,165
394,10/17/2023 13:23,North Stake Centre,Edmonton North Stake,1,0,17,15,0,Griesbach Ward,1,140,15
395,10/17/2023 13:23,North Stake Centre,Edmonton North Stake,1,4,24,40,0,Namao Ward,1,211,40
396,10/17/2023 13:25,Gateway Stake Centre,Gateway Stake,1,3,77,120,1,Silver Berry Ward,2,472,120
397,10/17/2023 13:26,Gateway Stake Centre,Gateway Stake,1,1,14,45,0,Silver Berry Ward,1,150,45
398,10/17/2023 13:29,Gateway Stake Centre,Gateway Stake,2,2,124,165,1,Crawford Plains Ward,3,759,165
399,10/17/2023 13:29,Riverbend Stake Centre,Riverbend Stake,2,3,25,45,0,Woodbend Ward,1,150,75
400,10/17/2023 13:30,Bearspaw Chapel,Gateway Stake,1,2,15,45,1,Lee Ridge Ward,2,162,110
401,10/17/2023 13:30,Gateway Stake Centre,Gateway Stake,5,8,33,80,1,Rio Vista Ward,3,397,80
402,10/17/2023 13:32,Gateway Stake Centre,Gateway Stake,2,1,50,135,1,Ellerslie Ward,2,419,135
403,10/17/2023 13:32,Bearspaw Chapel,Gateway Stake,1,2,25,45,0,Lee Ridge Ward,1,160,120
404,10/17/2023 13:34,Gateway Stake Centre,Gateway Stake,1,1,12,60,0,Crawford Plains Ward,1,92,60
405,10/17/2023 13:46,Gateway Stake Centre,Gateway Stake,2,2,20,60,0,Ellerslie Ward,1,197,60
406,10/17/2023 13:48,Bearspaw Chapel,Gateway Stake,1,4,13,35,0,Blackmud Creek Ward,1,177,40
407,10/17/2023 13:55,Bearspaw Chapel,Gateway Stake,3,2,68,110,1,Lee Ridge Ward,3,466,-575
408,10/17/2023 13:58,Bearspaw Chapel,Bonnie Doon Stake,5,3,555,90,1,Southgate Ward,3,200,90
409,10/17/2023 14:21,Bearspaw Chapel,Bonnie Doon Stake,1,0,17,30,0,Southgate Ward,1,13,35
410,10/17/2023 14:25,Bearspaw Chapel,Gateway Stake,2,0,19,45,0,Blackmud Creek Ward,1,100,220
411,10/17/2023 14:27,Bearspaw Chapel,Gateway Stake,2,2,32,60,0,Blackmud Creek Ward,1,174,-645
412,10/17/2023 15:40,Gateway Stake Centre,Gateway Stake,38,2,29,45,1,Silver Berry Ward,2,339,45
413,10/17/2023 15:42,Gateway Stake Centre,Gateway Stake,2,2,17,37,1,Silver Berry Ward,2,197,37
414,10/17/2023 16:48,Bearspaw Chapel,Gateway Stake,2,0,20,60,0,Blackmud Creek Ward,1,123,60
415,10/17/2023 19:01,Bearspaw Chapel,Gateway Stake,35,3,49,60,1,Blackmud Creek Ward,2,241,89
416,10/17/2023 19:02,Bearspaw Chapel,Gateway Stake,2,0,21,40,0,Blackmud Creek Ward,1,109,40
417,10/17/2023 19:05,Bearspaw Chapel,Gateway Stake,2,2,25,10,0,Blackmud Creek Ward,1,190,50
418,10/17/2023 19:19,Bearspaw Chapel,Gateway Stake,3,4,40,35,0,Blackmud Creek Ward,1,155,180
419,10/17/2023 19:26,Parkland (Spruce Grove/Stony Plain),Edmonton North Stake,2,5,20,20,0,Stony Plain Ward,1,115,150
420,10/17/2023 19:54,Riverbend Stake Centre,Riverbend Stake,2,10,29,40,1,Greenfield Ward,3,200,40
421,10/17/2023 19:57,Riverbend Stake Centre,Riverbend Stake,2,4,29,40,1,Terwillegar Park Ward,3,174,40
422,10/17/2023 19:59,Riverbend Stake Centre,Riverbend Stake,2,4,39,80,1,Terwillegar Park Ward,3,262,80
423,10/17/2023 19:59,Bearspaw Chapel,Gateway Stake,2,2,25,75,0,Blackmud Creek Ward,1,202,75
424,10/17/2023 21:44,Bearspaw Chapel,Bonnie Doon Stake,4,5,34,55,0,Southgate Ward,1,157,55
425,10/17/2023 22:22,Bearspaw Chapel,Gateway Stake,2,0,28,70,0,Lee Ridge Ward,1,142,60
426,10/17/2023 22:56,Gateway Stake Centre,Gateway Stake,2,0,150,150,1,Crawford Plains Ward,3,0,150
427,10/17/2023 7:41,Parkland (Spruce Grove/Stony Plain),Edmonton North Stake,1,0,16,30,0,Stony Plain Ward,1,0,30
428,10/17/2023 9:22,Bearspaw Chapel,Bonnie Doon Stake,4,0,14,45,0,Southgate Ward,1,13,45
429,10/17/2023 13:37,Bearspaw Chapel,Gateway Stake,2,0,22,60,0,Blackmud Creek Ward,1,0,-630
430,10/17/2023 14:04,Parkland (Spruce Grove/Stony Plain),Edmonton North Stake,2,0,29,60,1,Stony Plain Ward,1,240,120
431,10/17/2023 17:58,Bearspaw Chapel,Bonnie Doon Stake,1,4,30,30,0,Southgate Ward,1,130,30
432,10/17/2023 21:45,Parkland (Spruce Grove/Stony Plain),Edmonton North Stake,2,0,140,30,0,Stony Plain Ward,1,130,60
433,10/17/2023 23:04,Morinville,Edmonton North Stake,2,8,0,105,1,Namao Ward,2,525,100
434,,Coronation Park Chapel,North Edmonton,3,55,195,279,0,Coronation Park Ward,1,185,37.10514018691589
435,,Coronation Park Chapel,North Edmonton,0,39,120,313,0,Coronation Park Ward,1,185,37.10514018691589
436,,Coronation Park Chapel,North Edmonton,0,12,180,161,0,Coronation Park Ward,1,185,37.10514018691589
437,,Coronation Park Chapel,North Edmonton,0,30,180,316,0,Coronation Park Ward,1,185,37.10514018691589
438,,Coronation Park Chapel,North Edmonton,0,26,75,187,0,Coronation Park Ward,1,185,37.10514018691589
439,,Coronation Park Chapel,North Edmonton,0,57,180,226,0,Coronation Park Ward,1,185,37.10514018691589
440,,Coronation Park Chapel,North Edmonton,3,71,195,343,0,Coronation Park Ward,1,185,37.10514018691589
441,,Coronation Park Chapel,North Edmonton,3,54,135,272,0,Coronation Park Ward,1,185,37.10514018691589
442,,Coronation Park Chapel,North Edmonton,3,27,135,298,0,Coronation Park Ward,1,185,37.10514018691589
443,,Coronation Park Chapel,North Edmonton,2,25,135,245,0,Coronation Park Ward,1,185,37.10514018691589
444,,Coronation Park Chapel,North Edmonton,2,25,135,239,0,Coronation Park Ward,1,185,37.10514018691589
445,,Coronation Park Chapel,North Edmonton,0,19,75,264,0,Coronation Park Ward,1,185,37.10514018691589
446,,Coronation Park Chapel,North Edmonton,3,21,45,289,0,Coronation Park Ward,1,185,37.10514018691589
447,,Coronation Park Chapel,North Edmonton,0,31,75,267,0,Coronation Park Ward,1,185,37.10514018691589
448,,Coronation Park Chapel,North Edmonton,3,12,75,200,0,Coronation Park Ward,1,185,37.10514018691589
449,,Coronation Park Chapel,North Edmonton,0,17,75,303,0,Coronation Park Ward,1,185,37.10514018691589
450,,Coronation Park Chapel,North Edmonton,0,35,105,288,0,Coronation Park Ward,1,185,37.10514018691589
451,,Coronation Park Chapel,North Edmonton,0,35,60,257,0,Coronation Park Ward,1,185,37.10514018691589
452,,Coronation Park Chapel,North Edmonton,0,17,120,186,0,Coronation Park Ward,1,185,37.10514018691589
453,,Coronation Park Chapel,North Edmonton,0,25,60,219,0,Coronation Park Ward,1,185,37.10514018691589
454,,Coronation Park Chapel,North Edmonton,1,20,60,280,0,Coronation Park Ward,1,185,37.10514018691589
455,,Coronation Park Chapel,North Edmonton,2,31,150,284,0,Coronation Park Ward,1,185,37.10514018691589
456,,Coronation Park Chapel,North Edmonton,3,80,120,296,0,Coronation Park Ward,1,185,37.10514018691589
457,,Coronation Park Chapel,North Edmonton,2,20,150,234,0,Coronation Park Ward,1,185,37.10514018691589
458,,Coronation Park Chapel,North Edmonton,2,28,150,264,0,Coronation Park Ward,1,185,37.10514018691589
459,,Coronation Park Chapel,North Edmonton,3,13,60,210,0,Coronation Park Ward,1,185,37.10514018691589
460,,Coronation Park Chapel,North Edmonton,3,13,60,289,0,Coronation Park Ward,1,185,37.10514018691589
461,,Coronation Park Chapel,North Edmonton,0,47,105,268,0,Coronation Park Ward,1,185,37.10514018691589
462,,Coronation Park Chapel,North Edmonton,0,14,60,254,0,Coronation Park Ward,1,185,37.10514018691589
463,,Coronation Park Chapel,North Edmonton,2,45,195,240,0,Coronation Park Ward,1,185,37.10514018691589
464,,Coronation Park Chapel,North Edmonton,2,40,195,288,0,Coronation Park Ward,1,185,37.10514018691589
465,,Coronation Park Chapel,North Edmonton,3,32,135,288,0,Coronation Park Ward,1,185,37.10514018691589
466,,Coronation Park Chapel,North Edmonton,3,47,135,213,0,Coronation Park Ward,1,185,37.10514018691589
467,,Coronation Park Chapel,North Edmonton,0,63,180,328,0,Coronation Park Ward,1,185,37.10514018691589
468,,Coronation Park Chapel,North Edmonton,0,23,135,281,0,Coronation Park Ward,1,185,37.10514018691589
469,,Coronation Park Chapel,North Edmonton,1,31,90,256,0,Coronation Park Ward,1,185,37.10514018691589
470,,Coronation Park Chapel,North Edmonton,0,33,120,297,0,Coronation Park Ward,1,185,37.10514018691589
471,,Coronation Park Chapel,North Edmonton,3,61,150,284,0,Coronation Park Ward,1,185,37.10514018691589
472,,Coronation Park Chapel,North Edmonton,3,37,120,275,0,Coronation Park Ward,1,185,37.10514018691589
473,,Coronation Park Chapel,North Edmonton,2,30,120,267,0,Coronation Park Ward,1,185,37.10514018691589
474,,Coronation Park Chapel,North Edmonton,2,18,120,275,0,Coronation Park Ward,1,185,37.10514018691589
475,,Coronation Park Chapel,North Edmonton,1,38,75,278,0,Coronation Park Ward,1,185,37.10514018691589
476,,Coronation Park Chapel,North Edmonton,0,22,120,237,0,Coronation Park Ward,1,185,37.10514018691589
477,,Coronation Park Chapel,North Edmonton,2,25,90,228,0,Coronation Park Ward,1,185,37.10514018691589
478,,Coronation Park Chapel,North Edmonton,1,24,150,216,0,Coronation Park Ward,1,185,37.10514018691589
479,,Coronation Park Chapel,North Edmonton,1,37,150,217,0,Coronation Park Ward,1,185,37.10514018691589
480,,Coronation Park Chapel,North Edmonton,1,22,150,234,0,Coronation Park Ward,1,185,37.10514018691589
481,,Coronation Park Chapel,North Edmonton,3,26,150,237,0,Coronation Park Ward,1,185,37.10514018691589
482,,Coronation Park Chapel,North Edmonton,2,15,45,153,0,Coronation Park Ward,1,185,37.10514018691589
483,,Coronation Park Chapel,North Edmonton,2,16,45,300,0,Coronation Park Ward,1,185,37.10514018691589
484,,Coronation Park Chapel,North Edmonton,0,28,120,273,0,Coronation Park Ward,1,185,37.10514018691589
485,,Coronation Park Chapel,North Edmonton,0,29,120,201,0,Coronation Park Ward,1,185,37.10514018691589
486,,Coronation Park Chapel,North Edmonton,1,27,150,255,0,Coronation Park Ward,1,185,37.10514018691589
487,,Coronation Park Chapel,North Edmonton,0,18,60,207,0,Coronation Park Ward,1,185,37.10514018691589
488,,Coronation Park Chapel,North Edmonton,2,16,30,201,0,Coronation Park Ward,1,185,37.10514018691589
489,,Coronation Park Chapel,North Edmonton,1,30,105,219,0,Coronation Park Ward,1,185,37.10514018691589
490,,Coronation Park Chapel,North Edmonton,1,30,105,154,0,Coronation Park Ward,1,185,37.10514018691589
491,,Coronation Park Chapel,North Edmonton,2,31,105,289,0,Coronation Park Ward,1,185,37.10514018691589
492,,Coronation Park Chapel,North Edmonton,2,53,105,320,0,Coronation Park Ward,1,185,37.10514018691589
493,,Coronation Park Chapel,North Edmonton,1,16,75,273,0,Coronation Park Ward,1,185,37.10514018691589
494,,Coronation Park Chapel,North Edmonton,1,33,75,293,0,Coronation Park Ward,1,185,37.10514018691589
495,,Coronation Park Chapel,North Edmonton,1,15,45,195,0,Coronation Park Ward,1,185,37.10514018691589
496,,Coronation Park Chapel,North Edmonton,1,15,45,155,0,Coronation Park Ward,1,185,37.10514018691589
497,,Coronation Park Chapel,North Edmonton,0,43,60,293,0,Coronation Park Ward,1,185,37.10514018691589
498,,Coronation Park Chapel,North Edmonton,3,38,150,305,0,Coronation Park Ward,1,185,37.10514018691589
499,,Coronation Park Chapel,North Edmonton,1,38,45,299,0,Coronation Park Ward,1,185,37.10514018691589
500,,Coronation Park Chapel,North Edmonton,1,30,60,273,0,Coronation Park Ward,1,185,37.10514018691589
501,,Coronation Park Chapel,North Edmonton,3,19,75,281,0,Coronation Park Ward,1,185,37.10514018691589
